{
  "hist_1753610611265": {
    "xmin": 29.303404864142923,
    "xmax": 68.39697345409517,
    "timestamp": 1753610646730
  }
}